<?xml version="1.0" encoding="UTF-8" standalone="no"?>
<database name="DOH_MPI_MATCHER_Schema" schema="public" type="PostgreSQL - 9.4.10">
   <tables>
      <table name="address" remarks="" schema="public" type="TABLE">
         <column autoUpdated="true" defaultValue="nextval('address_id_seq'::regclass)" digits="0" id="0" name="id" nullable="false" remarks="" size="10" type="serial"/>
         <column autoUpdated="false" digits="0" id="1" name="identity_id" nullable="true" remarks="" size="10" type="int4">
            <parent column="identity_id" foreignKey="fk_identity_id_to_identity" implied="false" onDeleteCascade="true" table="identity"/>
         </column>
         <column autoUpdated="false" digits="0" id="2" name="street1" nullable="true" remarks="" size="2147483647" type="varchar"/>
         <column autoUpdated="false" digits="0" id="3" name="street2" nullable="true" remarks="" size="2147483647" type="varchar"/>
         <column autoUpdated="false" digits="0" id="4" name="city" nullable="true" remarks="" size="2147483647" type="varchar"/>
         <column autoUpdated="false" digits="0" id="5" name="county" nullable="true" remarks="" size="2147483647" type="varchar"/>
         <column autoUpdated="false" digits="0" id="6" name="county_fips" nullable="true" remarks="" size="2147483647" type="varchar"/>
         <column autoUpdated="false" digits="0" id="7" name="state" nullable="true" remarks="" size="2147483647" type="varchar"/>
         <column autoUpdated="false" digits="0" id="8" name="state_fips" nullable="true" remarks="" size="2147483647" type="varchar"/>
         <column autoUpdated="false" digits="0" id="9" name="country" nullable="true" remarks="" size="2147483647" type="varchar"/>
         <column autoUpdated="false" digits="0" id="10" name="is_cass_certified" nullable="true" remarks="" size="1" type="bool"/>
         <column autoUpdated="false" digits="0" id="11" name="zip5" nullable="true" remarks="" size="5" type="bpchar"/>
         <column autoUpdated="false" digits="0" id="12" name="zip4" nullable="true" remarks="" size="4" type="bpchar"/>
         <column autoUpdated="false" digits="0" id="13" name="datasource_id" nullable="true" remarks="" size="10" type="int4"/>
         <column autoUpdated="false" digits="6" id="14" name="created_on" nullable="true" remarks="" size="29" type="timestamp"/>
         <column autoUpdated="false" digits="6" id="15" name="last_changed_on" nullable="true" remarks="" size="29" type="timestamp"/>
         <primaryKey column="id" sequenceNumberInPK="1"/>
         <index name="pk_address" unique="true">
            <column ascending="true" name="id"/>
         </index>
      </table>
      <table name="deferredmatch" remarks="" schema="public" type="TABLE">
         <column autoUpdated="true" defaultValue="nextval('deferredmatch_id_seq'::regclass)" digits="0" id="0" name="id" nullable="false" remarks="" size="10" type="serial"/>
         <column autoUpdated="false" digits="0" id="1" name="identity_id_1" nullable="true" remarks="" size="10" type="int4">
            <parent column="identity_id" foreignKey="fk_identity_id_1_to_identity" implied="false" onDeleteCascade="true" table="identity"/>
         </column>
         <column autoUpdated="false" digits="0" id="2" name="identity_id_2" nullable="true" remarks="" size="10" type="int4">
            <parent column="identity_id" foreignKey="fk_identity_id_2_to_identity" implied="false" onDeleteCascade="true" table="identity"/>
         </column>
         <column autoUpdated="false" digits="17" id="3" name="score" nullable="true" remarks="" size="17" type="float8"/>
         <column autoUpdated="false" digits="17" id="4" name="confidence" nullable="true" remarks="" size="17" type="float8"/>
         <column autoUpdated="false" digits="6" id="5" name="created_on" nullable="true" remarks="" size="29" type="timestamp"/>
         <primaryKey column="id" sequenceNumberInPK="1"/>
         <index name="pk_deferredmatch" unique="true">
            <column ascending="true" name="id"/>
         </index>
      </table>
      <table name="demographics" remarks="" schema="public" type="TABLE">
         <column autoUpdated="true" defaultValue="nextval('demographics_id_seq'::regclass)" digits="0" id="0" name="id" nullable="false" remarks="" size="10" type="serial"/>
         <column autoUpdated="false" digits="0" id="1" name="identity_id" nullable="true" remarks="" size="10" type="int4">
            <parent column="identity_id" foreignKey="fk_identity_id_to_identity" implied="false" onDeleteCascade="true" table="identity"/>
         </column>
         <column autoUpdated="false" digits="0" id="2" name="is_mulitple_birth" nullable="true" remarks="" size="1" type="bool"/>
         <column autoUpdated="false" digits="0" id="3" name="birth_order" nullable="true" remarks="" size="10" type="int4"/>
         <column autoUpdated="false" digits="0" id="4" name="birth_date" nullable="true" remarks="" size="2147483647" type="varchar"/>
         <column autoUpdated="false" digits="0" id="5" name="birth_weight_grams" nullable="true" remarks="" size="10" type="int4"/>
         <column autoUpdated="false" digits="0" id="6" name="birth_facility_code" nullable="true" remarks="" size="2147483647" type="varchar"/>
         <column autoUpdated="false" digits="0" id="7" name="gender" nullable="true" remarks="" size="2147483647" type="varchar"/>
         <column autoUpdated="false" digits="0" id="8" name="is_deceased" nullable="true" remarks="" size="1" type="bool"/>
         <column autoUpdated="false" digits="0" id="9" name="deceased_date" nullable="true" remarks="" size="2147483647" type="varchar"/>
         <column autoUpdated="false" digits="0" id="10" name="adoption_status" nullable="true" remarks="" size="2147483647" type="varchar"/>
         <column autoUpdated="false" digits="0" id="11" name="is_primary" nullable="true" remarks="" size="1" type="bool"/>
         <column autoUpdated="false" digits="0" id="12" name="datasource_id" nullable="true" remarks="" size="10" type="int4"/>
         <column autoUpdated="false" digits="6" id="13" name="created_on" nullable="true" remarks="" size="29" type="timestamp"/>
         <column autoUpdated="false" digits="6" id="14" name="last_changed_on" nullable="true" remarks="" size="29" type="timestamp"/>
         <primaryKey column="id" sequenceNumberInPK="1"/>
         <index name="pk_demographics" unique="true">
            <column ascending="true" name="id"/>
         </index>
      </table>
      <table name="identifier" remarks="" schema="public" type="TABLE">
         <column autoUpdated="true" defaultValue="nextval('identifier_id_seq'::regclass)" digits="0" id="0" name="id" nullable="false" remarks="" size="10" type="serial"/>
         <column autoUpdated="false" digits="0" id="1" name="identity_id" nullable="true" remarks="" size="10" type="int4">
            <parent column="identity_id" foreignKey="fk_identity_id_to_identity" implied="false" onDeleteCascade="true" table="identity"/>
         </column>
         <column autoUpdated="false" digits="0" id="2" name="identifier_type" nullable="true" remarks="" size="2147483647" type="varchar">
            <parent column="code" foreignKey="fk_identifier_type_to_identifiertype" implied="false" onDeleteCascade="false" table="identifiertype"/>
         </column>
         <column autoUpdated="false" digits="0" id="3" name="identifier_value" nullable="true" remarks="" size="2147483647" type="varchar"/>
         <column autoUpdated="false" digits="0" id="4" name="datasource_id" nullable="true" remarks="" size="10" type="int4"/>
         <column autoUpdated="false" digits="6" id="5" name="created_on" nullable="true" remarks="" size="29" type="timestamp"/>
         <column autoUpdated="false" digits="6" id="6" name="last_changed_on" nullable="true" remarks="" size="29" type="timestamp"/>
         <primaryKey column="id" sequenceNumberInPK="1"/>
         <index name="pk_identifier" unique="true">
            <column ascending="true" name="id"/>
         </index>
      </table>
      <table name="identifiertype" remarks="" schema="public" type="TABLE">
         <column autoUpdated="false" digits="0" id="0" name="code" nullable="false" remarks="" size="2147483647" type="varchar">
            <child column="identifier_type" foreignKey="fk_identifier_type_to_identifiertype" implied="false" onDeleteCascade="false" table="identifier"/>
         </column>
         <column autoUpdated="false" digits="0" id="1" name="description" nullable="true" remarks="" size="2147483647" type="varchar"/>
         <primaryKey column="code" sequenceNumberInPK="1"/>
         <index name="pk_identifiertype" unique="true">
            <column ascending="true" name="code"/>
         </index>
      </table>
      <table name="identity" remarks="" schema="public" type="TABLE">
         <column autoUpdated="true" defaultValue="nextval('identity_identity_id_seq'::regclass)" digits="0" id="0" name="identity_id" nullable="false" remarks="" size="10" type="serial">
            <child column="identity_id" foreignKey="fk_identity_id_to_identity" implied="false" onDeleteCascade="true" table="address"/>
            <child column="identity_id_1" foreignKey="fk_identity_id_1_to_identity" implied="false" onDeleteCascade="true" table="deferredmatch"/>
            <child column="identity_id_2" foreignKey="fk_identity_id_2_to_identity" implied="false" onDeleteCascade="true" table="deferredmatch"/>
            <child column="identity_id" foreignKey="fk_identity_id_to_identity" implied="false" onDeleteCascade="true" table="demographics"/>
            <child column="identity_id" foreignKey="fk_identity_id_to_identity" implied="false" onDeleteCascade="true" table="identifier"/>
            <child column="identity_id" foreignKey="fk_identity_id_to_identity" implied="false" onDeleteCascade="true" table="name"/>
            <child column="identity_id_1" foreignKey="fk_identity_id_1_to_identity" implied="false" onDeleteCascade="true" table="nomatch"/>
            <child column="identity_id_2" foreignKey="fk_identity_id_2_to_identity" implied="false" onDeleteCascade="true" table="nomatch"/>
            <child column="identity_id" foreignKey="fk_identity_id_to_identity" implied="false" onDeleteCascade="true" table="phone"/>
         </column>
         <column autoUpdated="false" digits="0" id="1" name="mpi_id" nullable="true" remarks="" size="10" type="int4"/>
         <column autoUpdated="false" digits="6" id="2" name="created_on" nullable="true" remarks="" size="29" type="timestamp"/>
         <column autoUpdated="false" digits="6" id="3" name="last_changed_on" nullable="true" remarks="" size="29" type="timestamp"/>
         <primaryKey column="identity_id" sequenceNumberInPK="1"/>
         <index name="pk_identity" unique="true">
            <column ascending="true" name="identity_id"/>
         </index>
      </table>
      <table name="log" remarks="" schema="public" type="TABLE">
         <column autoUpdated="true" defaultValue="nextval('log_id_seq'::regclass)" digits="0" id="0" name="id" nullable="false" remarks="" size="10" type="serial"/>
         <column autoUpdated="false" digits="6" id="1" name="date" nullable="true" remarks="" size="29" type="timestamp"/>
         <column autoUpdated="false" digits="0" id="2" name="thread" nullable="true" remarks="" size="10" type="int4"/>
         <column autoUpdated="false" digits="0" id="3" name="level" nullable="true" remarks="" size="256" type="varchar"/>
         <column autoUpdated="false" digits="0" id="4" name="logger" nullable="true" remarks="" size="4096" type="varchar"/>
         <column autoUpdated="false" digits="0" id="5" name="message" nullable="true" remarks="" size="2147483647" type="hstore"/>
         <column autoUpdated="false" digits="0" id="6" name="exception" nullable="true" remarks="" size="2147483647" type="text"/>
         <primaryKey column="id" sequenceNumberInPK="1"/>
         <index name="pk_log" unique="true">
            <column ascending="true" name="id"/>
         </index>
      </table>
      <table name="name" remarks="" schema="public" type="TABLE">
         <column autoUpdated="true" defaultValue="nextval('name_id_seq'::regclass)" digits="0" id="0" name="id" nullable="false" remarks="" size="10" type="serial"/>
         <column autoUpdated="false" digits="0" id="1" name="identity_id" nullable="true" remarks="" size="10" type="int4">
            <parent column="identity_id" foreignKey="fk_identity_id_to_identity" implied="false" onDeleteCascade="true" table="identity"/>
         </column>
         <column autoUpdated="false" digits="0" id="2" name="name_type" nullable="true" remarks="" size="12" type="bpchar">
            <parent column="code" foreignKey="fk_name_type_to_nametype" implied="false" onDeleteCascade="false" table="nametype"/>
         </column>
         <column autoUpdated="false" digits="0" id="3" name="name_word" nullable="true" remarks="" size="2147483647" type="varchar"/>
         <column autoUpdated="false" digits="0" id="4" name="metaphone" nullable="true" remarks="" size="2147483647" type="varchar"/>
         <column autoUpdated="false" digits="0" id="5" name="metaphone_alt" nullable="true" remarks="" size="2147483647" type="varchar"/>
         <column autoUpdated="false" digits="0" id="6" name="datasource_id" nullable="true" remarks="" size="10" type="int4"/>
         <column autoUpdated="false" digits="6" id="7" name="created_on" nullable="true" remarks="" size="29" type="timestamp"/>
         <column autoUpdated="false" digits="6" id="8" name="last_changed_on" nullable="true" remarks="" size="29" type="timestamp"/>
         <primaryKey column="id" sequenceNumberInPK="1"/>
         <index name="pk_name" unique="true">
            <column ascending="true" name="id"/>
         </index>
      </table>
      <table name="nametype" remarks="" schema="public" type="TABLE">
         <column autoUpdated="false" digits="0" id="0" name="code" nullable="false" remarks="" size="2147483647" type="varchar">
            <child column="name_type" foreignKey="fk_name_type_to_nametype" implied="false" onDeleteCascade="false" table="name"/>
         </column>
         <column autoUpdated="false" digits="0" id="1" name="description" nullable="true" remarks="" size="2147483647" type="varchar"/>
         <primaryKey column="code" sequenceNumberInPK="1"/>
         <index name="pk_nametype" unique="true">
            <column ascending="true" name="code"/>
         </index>
      </table>
      <table name="nomatch" remarks="" schema="public" type="TABLE">
         <column autoUpdated="true" defaultValue="nextval('nomatch_id_seq'::regclass)" digits="0" id="0" name="id" nullable="false" remarks="" size="10" type="serial"/>
         <column autoUpdated="false" digits="0" id="1" name="identity_id_1" nullable="true" remarks="" size="10" type="int4">
            <parent column="identity_id" foreignKey="fk_identity_id_1_to_identity" implied="false" onDeleteCascade="true" table="identity"/>
         </column>
         <column autoUpdated="false" digits="0" id="2" name="identity_id_2" nullable="true" remarks="" size="10" type="int4">
            <parent column="identity_id" foreignKey="fk_identity_id_2_to_identity" implied="false" onDeleteCascade="true" table="identity"/>
         </column>
         <column autoUpdated="false" digits="6" id="3" name="created_on" nullable="true" remarks="" size="29" type="timestamp"/>
         <primaryKey column="id" sequenceNumberInPK="1"/>
         <index name="pk_nomatch" unique="true">
            <column ascending="true" name="id"/>
         </index>
      </table>
      <table name="pdnickname" remarks="" schema="public" type="TABLE">
         <column autoUpdated="false" digits="0" id="0" name="peacock_id" nullable="false" remarks="" size="2147483647" type="varchar"/>
         <column autoUpdated="false" digits="0" id="1" name="origin1" nullable="true" remarks="" size="2147483647" type="varchar">
            <parent column="oid" foreignKey="fk_origin1_to_pdnicknameorigin" implied="false" onDeleteCascade="false" table="pdnicknameorigin"/>
         </column>
         <column autoUpdated="false" digits="0" id="2" name="type1" nullable="true" remarks="" size="2147483647" type="varchar"/>
         <column autoUpdated="false" digits="0" id="3" name="gender1" nullable="true" remarks="" size="2147483647" type="varchar"/>
         <column autoUpdated="false" digits="0" id="4" name="name1" nullable="true" remarks="" size="2147483647" type="varchar"/>
         <column autoUpdated="false" digits="0" id="5" name="relflag" nullable="true" remarks="" size="2147483647" type="varchar"/>
         <column autoUpdated="false" digits="0" id="6" name="relation" nullable="true" remarks="" size="2147483647" type="varchar"/>
         <column autoUpdated="false" digits="0" id="7" name="origin2" nullable="true" remarks="" size="2147483647" type="varchar">
            <parent column="oid" foreignKey="fk_origin2_to_pdnicknameorigin" implied="false" onDeleteCascade="false" table="pdnicknameorigin"/>
         </column>
         <column autoUpdated="false" digits="0" id="8" name="type2" nullable="true" remarks="" size="2147483647" type="varchar"/>
         <column autoUpdated="false" digits="0" id="9" name="gender2" nullable="true" remarks="" size="2147483647" type="varchar"/>
         <column autoUpdated="false" digits="0" id="10" name="name2" nullable="true" remarks="" size="2147483647" type="varchar"/>
         <column autoUpdated="false" digits="0" id="11" name="derived" nullable="true" remarks="" size="2147483647" type="varchar"/>
         <column autoUpdated="false" digits="0" id="12" name="fuzzy" nullable="true" remarks="" size="2147483647" type="varchar"/>
         <column autoUpdated="false" digits="0" id="13" name="langflag" nullable="true" remarks="" size="2147483647" type="varchar"/>
         <column autoUpdated="false" digits="0" id="14" name="usage1" nullable="true" remarks="" size="2147483647" type="varchar">
            <parent column="uid" foreignKey="fk_usage1_to_pdnicknameusage" implied="false" onDeleteCascade="false" table="pdnicknameusage"/>
         </column>
         <column autoUpdated="false" digits="0" id="15" name="bible1" nullable="true" remarks="" size="2147483647" type="varchar"/>
         <column autoUpdated="false" digits="0" id="16" name="english1" nullable="true" remarks="" size="2147483647" type="varchar"/>
         <column autoUpdated="false" digits="0" id="17" name="afram1" nullable="true" remarks="" size="2147483647" type="varchar"/>
         <column autoUpdated="false" digits="0" id="18" name="natam1" nullable="true" remarks="" size="2147483647" type="varchar"/>
         <column autoUpdated="false" digits="0" id="19" name="spanish1" nullable="true" remarks="" size="2147483647" type="varchar"/>
         <column autoUpdated="false" digits="0" id="20" name="basque1" nullable="true" remarks="" size="2147483647" type="varchar"/>
         <column autoUpdated="false" digits="0" id="21" name="catalan1" nullable="true" remarks="" size="2147483647" type="varchar"/>
         <column autoUpdated="false" digits="0" id="22" name="galician1" nullable="true" remarks="" size="2147483647" type="varchar"/>
         <column autoUpdated="false" digits="0" id="23" name="french1" nullable="true" remarks="" size="2147483647" type="varchar"/>
         <column autoUpdated="false" digits="0" id="24" name="german1" nullable="true" remarks="" size="2147483647" type="varchar"/>
         <column autoUpdated="false" digits="0" id="25" name="hindu1" nullable="true" remarks="" size="2147483647" type="varchar"/>
         <column autoUpdated="false" digits="0" id="26" name="russian1" nullable="true" remarks="" size="2147483647" type="varchar"/>
         <column autoUpdated="false" digits="0" id="27" name="persian1" nullable="true" remarks="" size="2147483647" type="varchar"/>
         <column autoUpdated="false" digits="0" id="28" name="arabic1" nullable="true" remarks="" size="2147483647" type="varchar"/>
         <column autoUpdated="false" digits="0" id="29" name="japanese1" nullable="true" remarks="" size="2147483647" type="varchar"/>
         <column autoUpdated="false" digits="0" id="30" name="chinese1" nullable="true" remarks="" size="2147483647" type="varchar"/>
         <column autoUpdated="false" digits="0" id="31" name="viet1" nullable="true" remarks="" size="2147483647" type="varchar"/>
         <column autoUpdated="false" digits="0" id="32" name="korean1" nullable="true" remarks="" size="2147483647" type="varchar"/>
         <column autoUpdated="false" digits="0" id="33" name="yiddish1" nullable="true" remarks="" size="2147483647" type="varchar"/>
         <column autoUpdated="false" digits="0" id="34" name="hebrew1" nullable="true" remarks="" size="2147483647" type="varchar"/>
         <column autoUpdated="false" digits="0" id="35" name="latin1" nullable="true" remarks="" size="2147483647" type="varchar"/>
         <column autoUpdated="false" digits="0" id="36" name="greek1" nullable="true" remarks="" size="2147483647" type="varchar"/>
         <column autoUpdated="false" digits="0" id="37" name="myth1" nullable="true" remarks="" size="2147483647" type="varchar"/>
         <column autoUpdated="false" digits="0" id="38" name="usage2" nullable="true" remarks="" size="2147483647" type="varchar">
            <parent column="uid" foreignKey="fk_usage2_to_pdnicknameusage" implied="false" onDeleteCascade="false" table="pdnicknameusage"/>
         </column>
         <column autoUpdated="false" digits="0" id="39" name="bible2" nullable="true" remarks="" size="2147483647" type="varchar"/>
         <column autoUpdated="false" digits="0" id="40" name="english2" nullable="true" remarks="" size="2147483647" type="varchar"/>
         <column autoUpdated="false" digits="0" id="41" name="afram2" nullable="true" remarks="" size="2147483647" type="varchar"/>
         <column autoUpdated="false" digits="0" id="42" name="natam2" nullable="true" remarks="" size="2147483647" type="varchar"/>
         <column autoUpdated="false" digits="0" id="43" name="spanish2" nullable="true" remarks="" size="2147483647" type="varchar"/>
         <column autoUpdated="false" digits="0" id="44" name="basque2" nullable="true" remarks="" size="2147483647" type="varchar"/>
         <column autoUpdated="false" digits="0" id="45" name="catalan2" nullable="true" remarks="" size="2147483647" type="varchar"/>
         <column autoUpdated="false" digits="0" id="46" name="galician2" nullable="true" remarks="" size="2147483647" type="varchar"/>
         <column autoUpdated="false" digits="0" id="47" name="french2" nullable="true" remarks="" size="2147483647" type="varchar"/>
         <column autoUpdated="false" digits="0" id="48" name="german2" nullable="true" remarks="" size="2147483647" type="varchar"/>
         <column autoUpdated="false" digits="0" id="49" name="hindu2" nullable="true" remarks="" size="2147483647" type="varchar"/>
         <column autoUpdated="false" digits="0" id="50" name="russian2" nullable="true" remarks="" size="2147483647" type="varchar"/>
         <column autoUpdated="false" digits="0" id="51" name="persian2" nullable="true" remarks="" size="2147483647" type="varchar"/>
         <column autoUpdated="false" digits="0" id="52" name="arabic2" nullable="true" remarks="" size="2147483647" type="varchar"/>
         <column autoUpdated="false" digits="0" id="53" name="japanese2" nullable="true" remarks="" size="2147483647" type="varchar"/>
         <column autoUpdated="false" digits="0" id="54" name="chinese2" nullable="true" remarks="" size="2147483647" type="varchar"/>
         <column autoUpdated="false" digits="0" id="55" name="viet2" nullable="true" remarks="" size="2147483647" type="varchar"/>
         <column autoUpdated="false" digits="0" id="56" name="korean2" nullable="true" remarks="" size="2147483647" type="varchar"/>
         <column autoUpdated="false" digits="0" id="57" name="yiddish2" nullable="true" remarks="" size="2147483647" type="varchar"/>
         <column autoUpdated="false" digits="0" id="58" name="hebrew2" nullable="true" remarks="" size="2147483647" type="varchar"/>
         <column autoUpdated="false" digits="0" id="59" name="latin2" nullable="true" remarks="" size="2147483647" type="varchar"/>
         <column autoUpdated="false" digits="0" id="60" name="greek2" nullable="true" remarks="" size="2147483647" type="varchar"/>
         <column autoUpdated="false" digits="0" id="61" name="myth2" nullable="true" remarks="" size="2147483647" type="varchar"/>
         <column autoUpdated="false" digits="0" id="62" name="realname" nullable="true" remarks="" size="2147483647" type="varchar"/>
         <column autoUpdated="false" digits="0" id="63" name="reverse" nullable="true" remarks="" size="2147483647" type="varchar"/>
         <primaryKey column="peacock_id" sequenceNumberInPK="1"/>
         <index name="pk_pdnickname" unique="true">
            <column ascending="true" name="peacock_id"/>
         </index>
      </table>
      <table name="pdnicknameorigin" remarks="" schema="public" type="TABLE">
         <column autoUpdated="false" digits="0" id="0" name="oid" nullable="false" remarks="" size="2147483647" type="varchar">
            <child column="origin1" foreignKey="fk_origin1_to_pdnicknameorigin" implied="false" onDeleteCascade="false" table="pdnickname"/>
            <child column="origin2" foreignKey="fk_origin2_to_pdnicknameorigin" implied="false" onDeleteCascade="false" table="pdnickname"/>
         </column>
         <column autoUpdated="false" digits="0" id="1" name="origin" nullable="true" remarks="" size="2147483647" type="varchar"/>
         <primaryKey column="oid" sequenceNumberInPK="1"/>
         <index name="pk_pdnicknameorigin" unique="true">
            <column ascending="true" name="oid"/>
         </index>
      </table>
      <table name="pdnicknameusage" remarks="" schema="public" type="TABLE">
         <column autoUpdated="false" digits="0" id="0" name="uid" nullable="false" remarks="" size="2147483647" type="varchar">
            <child column="usage1" foreignKey="fk_usage1_to_pdnicknameusage" implied="false" onDeleteCascade="false" table="pdnickname"/>
            <child column="usage2" foreignKey="fk_usage2_to_pdnicknameusage" implied="false" onDeleteCascade="false" table="pdnickname"/>
         </column>
         <column autoUpdated="false" digits="0" id="1" name="usage" nullable="true" remarks="" size="2147483647" type="varchar"/>
         <column autoUpdated="false" digits="0" id="2" name="notinuse" nullable="true" remarks="" size="2147483647" type="varchar"/>
         <primaryKey column="uid" sequenceNumberInPK="1"/>
         <index name="pk_pdnicknameusage" unique="true">
            <column ascending="true" name="uid"/>
         </index>
      </table>
      <table name="phone" remarks="" schema="public" type="TABLE">
         <column autoUpdated="true" defaultValue="nextval('phone_id_seq'::regclass)" digits="0" id="0" name="id" nullable="false" remarks="" size="10" type="serial"/>
         <column autoUpdated="false" digits="0" id="1" name="identity_id" nullable="true" remarks="" size="10" type="int4">
            <parent column="identity_id" foreignKey="fk_identity_id_to_identity" implied="false" onDeleteCascade="true" table="identity"/>
         </column>
         <column autoUpdated="false" digits="0" id="2" name="phone_number" nullable="true" remarks="" size="2147483647" type="varchar"/>
         <column autoUpdated="false" digits="0" id="3" name="datasource_id" nullable="true" remarks="" size="10" type="int4"/>
         <column autoUpdated="false" digits="6" id="4" name="created_on" nullable="true" remarks="" size="29" type="timestamp"/>
         <column autoUpdated="false" digits="6" id="5" name="last_changed_on" nullable="true" remarks="" size="29" type="timestamp"/>
         <primaryKey column="id" sequenceNumberInPK="1"/>
         <index name="pk_phone" unique="true">
            <column ascending="true" name="id"/>
         </index>
      </table>
   </tables>
</database>
