<?xml version="1.0" encoding="UTF-8" standalone="no"?>
<!DOCTYPE properties SYSTEM "http://java.sun.com/dtd/properties.dtd">
<properties>
<comment>Saved parameters for SchemaSpyGUI. Load it with Load Menu</comment>
<entry key="pathOutputTField">W:\dohMPI\DbSchema\MPI Matcher</entry>
<entry key="descTArea">DOH MPI Matcher Database.</entry>
<entry key="aHTMLCBox">false</entry>
<entry key="dbNameTField">DOH_MPI_MATCHER_Schema</entry>
<entry key="tNameRExTField"/>
<entry key="dbUserTField">postgres</entry>
<entry key="tNameExRExTField"/>
<entry key="cssPathTField"/>
<entry key="dbHostTField">localhost</entry>
<entry key="dbTypeCBox">pgsql</entry>
<entry key="noLogoCBox">true</entry>
<entry key="dbDriverPTField">C:\Program Files\SchemaSpy\DbDrivers\postgresql-9.3-1100.jdbc41.jar</entry>
<entry key="allSchemasCBox">false</entry>
<entry key="highQuCBox">true</entry>
<entry key="propertiePathTField"/>
<entry key="noAdsCBox">false</entry>
<entry key="charsetComBox"/>
<entry key="colExRelCBox">false</entry>
<entry key="schemaTField">public,deleteme</entry>
<entry key="cNameRExTField"/>
<entry key="dbPortTField">5432</entry>
<entry key="metaFilePathTField"/>
<entry key="propertiesTField"/>
<entry key="showFinishCBox">true</entry>
<entry key="savePassCBox">false</entry>
<entry key="noHTMLCBox">false</entry>
<entry key="fontSizeTField"/>
<entry key="dincFKCBox">false</entry>
<entry key="sSpyPathTField">C:\Program Files\SchemaSpy\SchemaSpy\schemaSpy_5.0.0.jar</entry>
<entry key="dbPwdField"/>
<entry key="lowQuCBox">false</entry>
<entry key="railsCBox">false</entry>
<entry key="noRowsBox">true</entry>
<entry key="fontNameTField"/>
</properties>
